<?xml version="1.0" encoding="utf-8"?><rss xmlns:dc="http://purl.org/dc/elements/1.1/" version="2.0"><channel><title>Dive Into Python</title><link>http://diveintopython.org/</link><description>Python from novice to pro</description><language>en</language><item><title>Revision 5.4</title><link>http://diveintopython.org/appendix/history.html#5.4</link><dc:date>2004-05-20</dc:date></item><item><title>Revision 5.3</title><link>http://diveintopython.org/appendix/history.html#5.3</link><dc:date>2004-05-12</dc:date></item><item><title>Revision 5.2</title><link>http://diveintopython.org/appendix/history.html#5.2</link><dc:date>2004-05-09</dc:date></item><item><title>Revision 5.1</title><link>http://diveintopython.org/appendix/history.html#5.1</link><dc:date>2004-05-05</dc:date></item><item><title>Revision 5.0</title><link>http://diveintopython.org/appendix/history.html#5.0</link><dc:date>2004-04-16</dc:date></item><item><title>Revision 4.9</title><link>http://diveintopython.org/appendix/history.html#4.9</link><dc:date>2004-03-25</dc:date></item><item><title>Revision 4.8</title><link>http://diveintopython.org/appendix/history.html#4.8</link><dc:date>2004-03-25</dc:date></item><item><title>Revision 4.7</title><link>http://diveintopython.org/appendix/history.html#4.7</link><dc:date>2004-03-21</dc:date></item><item><title>Revision 4.6</title><link>http://diveintopython.org/appendix/history.html#4.6</link><dc:date>2004-03-14</dc:date></item><item><title>Revision 4.5</title><link>http://diveintopython.org/appendix/history.html#4.5</link><dc:date>2004-03-07</dc:date></item><item><title>Revision 4.4</title><link>http://diveintopython.org/appendix/history.html#4.4</link><dc:date>2003-10-08</dc:date></item><item><title>Revision 4.3</title><link>http://diveintopython.org/appendix/history.html#4.3</link><dc:date>2003-09-28</dc:date></item><item><title>Revision 4.2.1</title><link>http://diveintopython.org/appendix/history.html#4.2.1</link><dc:date>2003-09-17</dc:date></item><item><title>Revision 4.2</title><link>http://diveintopython.org/appendix/history.html#4.2</link><dc:date>2003-09-12</dc:date></item></channel></rss>