<?xml version="1.0" encoding="US-ASCII"?>
<l:l10n xmlns:l="http://docbook.sourceforge.net/xmlns/l10n/1.0" language="ar" english-language-name="Arabic">

<!-- This file is generated automatically. -->
<!-- Do not edit this file by hand! -->
<!-- See http://docbook.sourceforge.net/ -->
<!-- To update this file: edit the corresponding document at -->
<!-- http://cvs.sourceforge.net/cgi-bin/viewcvs.cgi/docbook/gentext/locale/ -->

   <l:gentext key="Abstract" text="&#1582;&#1604;&#1575;&#1589;&#1577;"/>
   <l:gentext key="abstract" text="&#1582;&#1604;&#1575;&#1589;&#1577;"/>
   <l:gentext key="Answer" text="&#1580;:"/>
   <l:gentext key="answer" text="&#1580;:"/>
   <l:gentext key="Appendix" text="&#1605;&#1604;&#1581;&#1602;"/>
   <l:gentext key="appendix" text="&#1605;&#1604;&#1581;&#1602;"/>
   <l:gentext key="Article" text="&#1605;&#1602;&#1575;&#1604;"/>
   <l:gentext key="article" text="&#1605;&#1602;&#1575;&#1604;"/>
   <l:gentext key="Bibliography" text="&#1602;&#1575;&#1574;&#1605;&#1577; &#1575;&#1604;&#1605;&#1585;&#1575;&#1580;&#1593;"/>
   <l:gentext key="bibliography" text="&#1602;&#1575;&#1574;&#1605;&#1577; &#1575;&#1604;&#1605;&#1585;&#1575;&#1580;&#1593;"/>
   <l:gentext key="Book" text="&#1603;&#1578;&#1575;&#1576;"/>
   <l:gentext key="book" text="&#1603;&#1578;&#1575;&#1576;"/>
   <l:gentext key="CAUTION" text="&#1578;&#1581;&#1584;&#1610;&#1585;"/>
   <l:gentext key="Caution" text="&#1578;&#1581;&#1584;&#1610;&#1585;"/>
   <l:gentext key="caution" text="&#1578;&#1581;&#1584;&#1610;&#1585;"/>
   <l:gentext key="Chapter" text="&#1601;&#1589;&#1604;"/>
   <l:gentext key="chapter" text="&#1601;&#1589;&#1604;"/>
   <l:gentext key="Colophon" text="&#1575;&#1604;&#1606;&#1575;&#1588;&#1585;"/>
   <l:gentext key="colophon" text="&#1575;&#1604;&#1606;&#1575;&#1588;&#1585;"/>
   <l:gentext key="Copyright" text="&#1581;&#1602;&#1608;&#1602; &#1575;&#1604;&#1606;&#1588;&#1585;"/>
   <l:gentext key="copyright" text="&#1581;&#1602;&#1608;&#1602; &#1575;&#1604;&#1606;&#1588;&#1585;"/>
   <l:gentext key="Dedication" text="&#1573;&#1607;&#1583;&#1575;&#1569;"/>
   <l:gentext key="dedication" text="&#1573;&#1607;&#1583;&#1575;&#1569;"/>
   <l:gentext key="Edition" text="&#1606;&#1587;&#1582;&#1577;"/>
   <l:gentext key="edition" text="&#1606;&#1587;&#1582;&#1577;"/>
   <l:gentext key="Equation" text="&#1605;&#1593;&#1575;&#1583;&#1604;&#1577;"/>
   <l:gentext key="equation" text="&#1605;&#1593;&#1575;&#1583;&#1604;&#1577;"/>
   <l:gentext key="Example" text="&#1605;&#1579;&#1575;&#1604;"/>
   <l:gentext key="example" text="&#1605;&#1579;&#1575;&#1604;"/>
   <l:gentext key="Figure" text="&#1588;&#1603;&#1604;"/>
   <l:gentext key="figure" text="&#1588;&#1603;&#1604;"/>
   <l:gentext key="Glossary" text="&#1602;&#1575;&#1605;&#1608;&#1587; &#1575;&#1604;&#1605;&#1601;&#1585;&#1583;&#1575;&#1578;"/>
   <l:gentext key="glossary" text="&#1602;&#1575;&#1605;&#1608;&#1587; &#1575;&#1604;&#1605;&#1601;&#1585;&#1583;&#1575;&#1578;"/>
   <l:gentext key="GlossSee" text="&#1575;&#1606;&#1592;&#1585;"/>
   <l:gentext key="glosssee" text="&#1575;&#1606;&#1592;&#1585;"/>
   <l:gentext key="GlossSeeAlso" text="&#1575;&#1606;&#1592;&#1585; &#1571;&#1610;&#1590;&#1575;&#1611;"/>
   <l:gentext key="glossseealso" text="&#1575;&#1606;&#1592;&#1585; &#1571;&#1610;&#1590;&#1575;&#1611;"/>
   <l:gentext key="IMPORTANT" text="&#1607;&#1575;&#1605;"/>
   <l:gentext key="important" text="&#1607;&#1575;&#1605;"/>
   <l:gentext key="Important" text="&#1607;&#1575;&#1605;"/>
   <l:gentext key="Index" text="&#1601;&#1607;&#1585;&#1587;"/>
   <l:gentext key="index" text="&#1601;&#1607;&#1585;&#1587;"/>
   <l:gentext key="ISBN" text="&#1575;&#1604;&#1578;&#1585;&#1602;&#1610;&#1605; &#1575;&#1604;&#1593;&#1575;&#1604;&#1605;&#1610; &#1575;&#1604;&#1602;&#1610;&#1575;&#1587;&#1610; &#1604;&#1604;&#1603;&#1578;&#1575;&#1576;"/>
   <l:gentext key="isbn" text="&#1575;&#1604;&#1578;&#1585;&#1602;&#1610;&#1605; &#1575;&#1604;&#1593;&#1575;&#1604;&#1605;&#1610; &#1575;&#1604;&#1602;&#1610;&#1575;&#1587;&#1610; &#1604;&#1604;&#1603;&#1578;&#1575;&#1576;"/>
   <l:gentext key="LegalNotice" text="&#1605;&#1604;&#1575;&#1581;&#1592;&#1577; &#1602;&#1575;&#1606;&#1608;&#1606;&#1610;&#1577;"/>
   <l:gentext key="legalnotice" text="&#1605;&#1604;&#1575;&#1581;&#1592;&#1577; &#1602;&#1575;&#1606;&#1608;&#1606;&#1610;&#1577;"/>
   <l:gentext key="MsgAud" text="&#1575;&#1604;&#1580;&#1605;&#1607;&#1608;&#1585;"/>
   <l:gentext key="msgaud" text="&#1575;&#1604;&#1580;&#1605;&#1607;&#1608;&#1585;"/>
   <l:gentext key="MsgLevel" text="&#1575;&#1604;&#1605;&#1587;&#1578;&#1608;&#1609;"/>
   <l:gentext key="msglevel" text="&#1575;&#1604;&#1605;&#1587;&#1578;&#1608;&#1609;"/>
   <l:gentext key="MsgOrig" text="&#1575;&#1604;&#1605;&#1589;&#1583;&#1585;"/>
   <l:gentext key="msgorig" text="&#1575;&#1604;&#1605;&#1589;&#1583;&#1585;"/>
   <l:gentext key="NOTE" text="&#1605;&#1604;&#1575;&#1581;&#1592;&#1577;"/>
   <l:gentext key="Note" text="&#1605;&#1604;&#1575;&#1581;&#1592;&#1577;"/>
   <l:gentext key="note" text="&#1605;&#1604;&#1575;&#1581;&#1592;&#1577;"/>
   <l:gentext key="Part" text="&#1580;&#1586;&#1569;"/>
   <l:gentext key="part" text="&#1580;&#1586;&#1569;"/>
   <l:gentext key="Preface" text="&#1605;&#1602;&#1583;&#1605;&#1577;"/>
   <l:gentext key="preface" text="&#1605;&#1602;&#1583;&#1605;&#1577;"/>
   <l:gentext key="Procedure" text="&#1573;&#1580;&#1585;&#1575;&#1569;"/>
   <l:gentext key="procedure" text="&#1573;&#1580;&#1585;&#1575;&#1569;"/>
   <l:gentext key="ProductionSet" text="&#1605;&#1606;&#1578;&#1580;"/>
   <l:gentext key="PubDate" text="Publication Date" lang="en"/>
   <l:gentext key="pubdate" text="Publication date" lang="en"/>
   <l:gentext key="Published" text="&#1605;&#1606;&#1588;&#1608;&#1585;"/>
   <l:gentext key="published" text="&#1605;&#1606;&#1588;&#1608;&#1585;"/>
   <l:gentext key="Qandadiv" text="Q &amp; A" lang="en"/>
   <l:gentext key="qandadiv" text="Q &amp; A" lang="en"/>
   <l:gentext key="Question" text="&#1587;:"/>
   <l:gentext key="question" text="&#1587;:"/>
   <l:gentext key="RefEntry" text=""/>
   <l:gentext key="refentry" text=""/>
   <l:gentext key="Reference" text="&#1605;&#1585;&#1580;&#1593;"/>
   <l:gentext key="reference" text="&#1605;&#1585;&#1580;&#1593;"/>
   <l:gentext key="RefName" text="&#1575;&#1604;&#1575;&#1587;&#1605;"/>
   <l:gentext key="refname" text="&#1575;&#1604;&#1575;&#1587;&#1605;"/>
   <l:gentext key="RefSection" text=""/>
   <l:gentext key="refsection" text=""/>
   <l:gentext key="RefSynopsisDiv" text="&#1575;&#1604;&#1605;&#1582;&#1578;&#1589;&#1585;"/>
   <l:gentext key="refsynopsisdiv" text="&#1575;&#1604;&#1605;&#1582;&#1578;&#1589;&#1585;"/>
   <l:gentext key="RevHistory" text="&#1578;&#1575;&#1585;&#1610;&#1582; &#1575;&#1604;&#1605;&#1585;&#1575;&#1580;&#1593;&#1577;"/>
   <l:gentext key="revhistory" text="&#1578;&#1575;&#1585;&#1610;&#1582; &#1575;&#1604;&#1605;&#1585;&#1575;&#1580;&#1593;&#1577;"/>
   <l:gentext key="revision" text="&#1605;&#1585;&#1575;&#1580;&#1593;&#1577;"/>
   <l:gentext key="Revision" text="&#1605;&#1585;&#1575;&#1580;&#1593;&#1577;"/>
   <l:gentext key="sect1" text="&#1602;&#1587;&#1605;"/>
   <l:gentext key="sect2" text="&#1602;&#1587;&#1605;"/>
   <l:gentext key="sect3" text="&#1602;&#1587;&#1605;"/>
   <l:gentext key="sect4" text="&#1602;&#1587;&#1605;"/>
   <l:gentext key="sect5" text="&#1602;&#1587;&#1605;"/>
   <l:gentext key="section" text="&#1602;&#1587;&#1605;"/>
   <l:gentext key="Section" text="&#1602;&#1587;&#1605;"/>
   <l:gentext key="see" text="&#1575;&#1587;&#1578;&#1593;&#1585;&#1590;"/>
   <l:gentext key="See" text="See" lang="en"/>
   <l:gentext key="seealso" text="&#1575;&#1587;&#1578;&#1593;&#1585;&#1590; &#1571;&#1610;&#1590;&#1575;&#1611;"/>
   <l:gentext key="Seealso" text="See also" lang="en"/>
   <l:gentext key="SeeAlso" text="See Also" lang="en"/>
   <l:gentext key="set" text="&#1605;&#1580;&#1605;&#1608;&#1593;&#1577;"/>
   <l:gentext key="Set" text="&#1605;&#1580;&#1605;&#1608;&#1593;&#1577;"/>
   <l:gentext key="setindex" text="&#1601;&#1607;&#1585;&#1587; &#1575;&#1604;&#1605;&#1580;&#1605;&#1608;&#1593;&#1577;"/>
   <l:gentext key="SetIndex" text="&#1601;&#1607;&#1585;&#1587; &#1575;&#1604;&#1605;&#1580;&#1605;&#1608;&#1593;&#1577;"/>
   <l:gentext key="Sidebar" text="&#1575;&#1604;&#1588;&#1585;&#1610;&#1591; &#1575;&#1604;&#1580;&#1575;&#1606;&#1576;&#1610;"/>
   <l:gentext key="sidebar" text="&#1575;&#1604;&#1588;&#1585;&#1610;&#1591; &#1575;&#1604;&#1580;&#1575;&#1606;&#1576;&#1610;"/>
   <l:gentext key="step" text="&#1582;&#1591;&#1608;&#1577;"/>
   <l:gentext key="Step" text="&#1582;&#1591;&#1608;&#1577;"/>
   <l:gentext key="Table" text="&#1580;&#1583;&#1608;&#1604;"/>
   <l:gentext key="table" text="&#1580;&#1583;&#1608;&#1604;"/>
   <l:gentext key="tip" text="&#1601;&#1603;&#1585;&#1577; &#1605;&#1601;&#1610;&#1583;&#1577;"/>
   <l:gentext key="TIP" text="&#1601;&#1603;&#1585;&#1577; &#1605;&#1601;&#1610;&#1583;&#1577;"/>
   <l:gentext key="Tip" text="&#1601;&#1603;&#1585;&#1577; &#1605;&#1601;&#1610;&#1583;&#1577;"/>
   <l:gentext key="Warning" text="&#1578;&#1606;&#1576;&#1610;&#1607;"/>
   <l:gentext key="warning" text="&#1578;&#1606;&#1576;&#1610;&#1607;"/>
   <l:gentext key="WARNING" text="&#1578;&#1606;&#1576;&#1610;&#1607;"/>
   <l:gentext key="and" text="&#1608;"/>
   <l:gentext key="by" text="&#1576;&#1608;&#1575;&#1587;&#1591;&#1577;"/>
   <l:gentext key="called" text="called" lang="en"/>
   <l:gentext key="Edited" text="&#1605;&#1593;&#1583;&#1604;"/>
   <l:gentext key="edited" text="&#1605;&#1593;&#1583;&#1604;"/>
   <l:gentext key="Editedby" text="&#1605;&#1593;&#1583;&#1604; &#1576;&#1608;&#1575;&#1587;&#1591;&#1577;"/>
   <l:gentext key="editedby" text="&#1605;&#1593;&#1583;&#1604; &#1576;&#1608;&#1575;&#1587;&#1591;&#1577;"/>
   <l:gentext key="in" text="&#1601;&#1610;"/>
   <l:gentext key="lastlistcomma" text="&#1548;"/>
   <l:gentext key="listcomma" text="&#1548;"/>
   <l:gentext key="nonexistantelement" text="&#1593;&#1606;&#1589;&#1585; &#1605;&#1601;&#1602;&#1608;&#1583;"/>
   <l:gentext key="notes" text="&#1605;&#1604;&#1575;&#1581;&#1592;&#1575;&#1578;"/>
   <l:gentext key="Notes" text="&#1605;&#1604;&#1575;&#1581;&#1592;&#1575;&#1578;"/>
   <l:gentext key="Pgs" text="&#1589;&#1601;&#1581;&#1575;&#1578;"/>
   <l:gentext key="pgs" text="&#1589;&#1601;&#1581;&#1575;&#1578;"/>
   <l:gentext key="Revisedby" text="&#1578;&#1605;&#1578; &#1575;&#1604;&#1605;&#1585;&#1575;&#1580;&#1593;&#1577; &#1576;&#1608;&#1575;&#1587;&#1591;&#1577;: "/>
   <l:gentext key="revisedby" text="&#1578;&#1605;&#1578; &#1575;&#1604;&#1605;&#1585;&#1575;&#1580;&#1593;&#1577; &#1576;&#1608;&#1575;&#1587;&#1591;&#1577;: "/>
   <l:gentext key="TableNotes" text="&#1605;&#1604;&#1575;&#1581;&#1592;&#1575;&#1578;"/>
   <l:gentext key="tablenotes" text="&#1605;&#1604;&#1575;&#1581;&#1592;&#1575;&#1578;"/>
   <l:gentext key="TableofContents" text="&#1602;&#1575;&#1574;&#1605;&#1577; &#1575;&#1604;&#1605;&#1581;&#1578;&#1608;&#1610;&#1575;&#1578;"/>
   <l:gentext key="tableofcontents" text="&#1602;&#1575;&#1574;&#1605;&#1577; &#1575;&#1604;&#1605;&#1581;&#1578;&#1608;&#1610;&#1575;&#1578;"/>
   <l:gentext key="the" text="" lang="en"/>
   <l:gentext key="unexpectedelementname" text="&#1575;&#1587;&#1605; &#1593;&#1606;&#1589;&#1585; &#1594;&#1610;&#1585; &#1605;&#1578;&#1608;&#1602;&#1593;"/>
   <l:gentext key="unsupported" text="&#1594;&#1610;&#1585; &#1605;&#1583;&#1593;&#1608;&#1605;"/>
   <l:gentext key="xrefto" text="&#1573;&#1588;&#1575;&#1585;&#1577; &#1573;&#1604;&#1609;"/>
   <l:gentext key="listofequations" text="&#1602;&#1575;&#1574;&#1605;&#1577; &#1575;&#1604;&#1605;&#1593;&#1575;&#1583;&#1604;&#1575;&#1578;"/>
   <l:gentext key="ListofEquations" text="&#1602;&#1575;&#1574;&#1605;&#1577; &#1575;&#1604;&#1605;&#1593;&#1575;&#1583;&#1604;&#1575;&#1578;"/>
   <l:gentext key="ListofExamples" text="&#1602;&#1575;&#1574;&#1605;&#1577; &#1575;&#1604;&#1571;&#1605;&#1579;&#1604;&#1577;"/>
   <l:gentext key="listofexamples" text="&#1602;&#1575;&#1574;&#1605;&#1577; &#1575;&#1604;&#1571;&#1605;&#1579;&#1604;&#1577;"/>
   <l:gentext key="ListofFigures" text="&#1602;&#1575;&#1574;&#1605;&#1577; &#1575;&#1604;&#1571;&#1588;&#1603;&#1575;&#1604;"/>
   <l:gentext key="listoffigures" text="&#1602;&#1575;&#1574;&#1605;&#1577; &#1575;&#1604;&#1571;&#1588;&#1603;&#1575;&#1604;"/>
   <l:gentext key="ListofProcedures" text="&#1602;&#1575;&#1574;&#1605;&#1577; &#1575;&#1604;&#1573;&#1580;&#1585;&#1575;&#1569;&#1575;&#1578;"/>
   <l:gentext key="listofprocedures" text="&#1602;&#1575;&#1574;&#1605;&#1577; &#1575;&#1604;&#1573;&#1580;&#1585;&#1575;&#1569;&#1575;&#1578;"/>
   <l:gentext key="listoftables" text="&#1602;&#1575;&#1574;&#1605;&#1577; &#1575;&#1604;&#1580;&#1583;&#1575;&#1608;&#1604;"/>
   <l:gentext key="ListofTables" text="&#1602;&#1575;&#1574;&#1605;&#1577; &#1575;&#1604;&#1580;&#1583;&#1575;&#1608;&#1604;"/>
   <l:gentext key="ListofUnknown" text="&#1602;&#1575;&#1574;&#1605;&#1577; &#1575;&#1604;&#1605;&#1580;&#1607;&#1608;&#1604;&#1575;&#1578;"/>
   <l:gentext key="listofunknown" text="&#1602;&#1575;&#1574;&#1605;&#1577; &#1575;&#1604;&#1605;&#1580;&#1607;&#1608;&#1604;&#1575;&#1578;"/>
   <l:gentext key="nav-home" text="&#1575;&#1604;&#1576;&#1583;&#1575;&#1610;&#1577;"/>
   <l:gentext key="nav-next" text="&#1575;&#1604;&#1578;&#1575;&#1604;&#1610;"/>
   <l:gentext key="nav-next-sibling" text="&#1573;&#1604;&#1609; &#1575;&#1604;&#1571;&#1605;&#1575;&#1605;"/>
   <l:gentext key="nav-prev" text="&#1575;&#1604;&#1587;&#1575;&#1576;&#1602;"/>
   <l:gentext key="nav-prev-sibling" text="&#1573;&#1604;&#1609; &#1575;&#1604;&#1582;&#1604;&#1601;"/>
   <l:gentext key="nav-up" text="&#1571;&#1593;&#1604;&#1609;"/>
   <l:gentext key="nav-toc" text="&#1575;&#1604;&#1601;&#1607;&#1585;&#1587;"/>
   <l:gentext key="Draft" text="&#1605;&#1587;&#1608;&#1583;&#1577;"/>
   <l:gentext key="above" text="&#1571;&#1593;&#1604;&#1609;"/>
   <l:gentext key="below" text="&#1601;&#1610;&#1605;&#1575; &#1610;&#1604;&#1610;"/>
   <l:gentext key="sectioncalled" text="&#1575;&#1604;&#1602;&#1587;&#1605; &#1575;&#1604;&#1605;&#1587;&#1605;&#1609;"/>
   <l:gentext key="index symbols" text="&#1575;&#1604;&#1585;&#1605;&#1608;&#1586;"/>
   <l:gentext key="lowercase.alpha" text="abcdefghijklmnopqrstuvwxyz"/>
   <l:gentext key="uppercase.alpha" text="ABCDEFGHIJKLMNOPQRSTUVWXYZ"/>
   <l:dingbat key="startquote" text="&#8220;"/>
   <l:dingbat key="endquote" text="&#8221;"/>
   <l:dingbat key="nestedstartquote" text="&#8216;"/>
   <l:dingbat key="nestedendquote" text="&#8217;"/>
   <l:dingbat key="singlestartquote" text="&#8216;" lang="en"/>
   <l:dingbat key="singleendquote" text="&#8217;" lang="en"/>
   <l:dingbat key="bullet" text="&#8226;"/>
   <l:gentext key="hyphenation-character" text="&#8208;"/>
   <l:gentext key="hyphenation-push-character-count" text="2"/>
   <l:gentext key="hyphenation-remain-character-count" text="2"/>

   <l:context name="styles">
      <l:template name="person-name" text="first-last"/>
   </l:context>

   <l:context name="title">
      <l:template name="abstract" text="%t"/>
      <l:template name="answer" text="%t"/>
      <l:template name="appendix" text="&#1605;&#1604;&#1581;&#1602;&#160;%n.&#160;%t"/>
      <l:template name="article" text="%t"/>
      <l:template name="authorblurb" text="%t"/>
      <l:template name="bibliodiv" text="%t"/>
      <l:template name="biblioentry" text="%t"/>
      <l:template name="bibliography" text="%t"/>
      <l:template name="bibliomixed" text="%t"/>
      <l:template name="bibliomset" text="%t"/>
      <l:template name="biblioset" text="%t"/>
      <l:template name="blockquote" text="%t"/>
      <l:template name="book" text="%t"/>
      <l:template name="calloutlist" text="%t"/>
      <l:template name="caution" text="%t"/>
      <l:template name="chapter" text="&#1601;&#1589;&#1604;&#160;%n.&#160;%t"/>
      <l:template name="colophon" text="%t"/>
      <l:template name="dedication" text="%t"/>
      <l:template name="equation" text="&#1605;&#1593;&#1575;&#1583;&#1604;&#1577;&#160;%n.&#160;%t"/>
      <l:template name="example" text="&#1605;&#1579;&#1575;&#1604;&#160;%n.&#160;%t"/>
      <l:template name="figure" text="&#1588;&#1603;&#1604;&#160;%n.&#160;%t"/>
      <l:template name="formalpara" text="%t"/>
      <l:template name="glossary" text="%t"/>
      <l:template name="glossdiv" text="%t"/>
      <l:template name="glossentry" text="%t"/>
      <l:template name="important" text="%t"/>
      <l:template name="index" text="%t"/>
      <l:template name="indexdiv" text="%t"/>
      <l:template name="itemizedlist" text="%t"/>
      <l:template name="legalnotice" text="%t"/>
      <l:template name="listitem" text=""/>
      <l:template name="lot" text="%t"/>
      <l:template name="msg" text="%t"/>
      <l:template name="msgexplan" text="%t"/>
      <l:template name="msgmain" text="%t"/>
      <l:template name="msgrel" text="%t"/>
      <l:template name="msgset" text="%t"/>
      <l:template name="msgsub" text="%t"/>
      <l:template name="note" text="%t"/>
      <l:template name="orderedlist" text="%t"/>
      <l:template name="part" text="&#1580;&#1586;&#1569;&#160;%n.&#160;%t"/>
      <l:template name="partintro" text="%t"/>
      <l:template name="preface" text="%t"/>
      <l:template name="procedure" text="%t"/>
      <l:template name="procedure.formal" text="&#1573;&#1580;&#1585;&#1575;&#1569;&#160;%n.&#160;%t"/>
      <l:template name="productionset" text="%t"/>
      <l:template name="productionset.formal" text="&#1605;&#1606;&#1578;&#1580;&#160;%n"/>
      <l:template name="qandadiv" text="%t"/>
      <l:template name="qandaentry" text="%t"/>
      <l:template name="qandaset" text="%t"/>
      <l:template name="question" text="%t"/>
      <l:template name="refentry" text="%t"/>
      <l:template name="reference" text="%t"/>
      <l:template name="refsection" text="%t"/>
      <l:template name="refsect1" text="%t"/>
      <l:template name="refsect2" text="%t"/>
      <l:template name="refsect3" text="%t"/>
      <l:template name="refsynopsisdiv" text="%t"/>
      <l:template name="refsynopsisdivinfo" text="%t"/>
      <l:template name="segmentedlist" text="%t"/>
      <l:template name="set" text="%t"/>
      <l:template name="setindex" text="%t"/>
      <l:template name="sidebar" text="%t"/>
      <l:template name="step" text="%t"/>
      <l:template name="table" text="&#1580;&#1583;&#1608;&#1604;&#160;%n.&#160;%t"/>
      <l:template name="tip" text="%t"/>
      <l:template name="toc" text="%t"/>
      <l:template name="variablelist" text="%t"/>
      <l:template name="varlistentry" text=""/>
      <l:template name="warning" text="%t"/>
   </l:context>

   <l:context name="title-unnumbered">
      <l:template name="appendix" text="%t"/>
      <l:template name="article/appendix" text="%t"/>
      <l:template name="bridgehead" text="%t"/>
      <l:template name="chapter" text="%t"/>
      <l:template name="sect1" text="%t"/>
      <l:template name="sect2" text="%t"/>
      <l:template name="sect3" text="%t"/>
      <l:template name="sect4" text="%t"/>
      <l:template name="sect5" text="%t"/>
      <l:template name="section" text="%t"/>
      <l:template name="simplesect" text="%t"/>
   </l:context>

   <l:context name="title-numbered">
      <l:template name="appendix" text="&#1605;&#1604;&#1581;&#1602;&#160;%n.&#160;%t"/>
      <l:template name="article/appendix" text="%n.&#160;%t"/>
      <l:template name="bridgehead" text="%n.&#160;%t"/>
      <l:template name="chapter" text="&#1601;&#1589;&#1604;&#160;%n.&#160;%t"/>
      <l:template name="sect1" text="%n.&#160;%t"/>
      <l:template name="sect2" text="%n.&#160;%t"/>
      <l:template name="sect3" text="%n.&#160;%t"/>
      <l:template name="sect4" text="%n.&#160;%t"/>
      <l:template name="sect5" text="%n.&#160;%t"/>
      <l:template name="section" text="%n.&#160;%t"/>
      <l:template name="simplesect" text="%t"/>
   </l:context>

   <l:context name="subtitle">
      <l:template name="appendix" text="%s"/>
      <l:template name="article" text="%s"/>
      <l:template name="bibliodiv" text="%s"/>
      <l:template name="biblioentry" text="%s"/>
      <l:template name="bibliography" text="%s"/>
      <l:template name="bibliomixed" text="%s"/>
      <l:template name="bibliomset" text="%s"/>
      <l:template name="biblioset" text="%s"/>
      <l:template name="book" text="%s"/>
      <l:template name="chapter" text="%s"/>
      <l:template name="colophon" text="%s"/>
      <l:template name="dedication" text="%s"/>
      <l:template name="glossary" text="%s"/>
      <l:template name="glossdiv" text="%s"/>
      <l:template name="index" text="%s"/>
      <l:template name="indexdiv" text="%s"/>
      <l:template name="lot" text="%s"/>
      <l:template name="part" text="%s"/>
      <l:template name="partintro" text="%s"/>
      <l:template name="preface" text="%s"/>
      <l:template name="refentry" text="%s"/>
      <l:template name="reference" text="%s"/>
      <l:template name="refsection" text="%s"/>
      <l:template name="refsect1" text="%s"/>
      <l:template name="refsect2" text="%s"/>
      <l:template name="refsect3" text="%s"/>
      <l:template name="refsynopsisdiv" text="%s"/>
      <l:template name="sect1" text="%s"/>
      <l:template name="sect2" text="%s"/>
      <l:template name="sect3" text="%s"/>
      <l:template name="sect4" text="%s"/>
      <l:template name="sect5" text="%s"/>
      <l:template name="section" text="%s"/>
      <l:template name="set" text="%s"/>
      <l:template name="setindex" text="%s"/>
      <l:template name="sidebar" text="%s"/>
      <l:template name="simplesect" text="%s"/>
      <l:template name="toc" text="%s"/>
   </l:context>

   <l:context name="xref">
      <l:template name="abstract" text="%t"/>
      <l:template name="answer" text="&#1580;:&#160;%n"/>
      <l:template name="appendix" text="%t"/>
      <l:template name="article" text="%t"/>
      <l:template name="authorblurb" text="%t"/>
      <l:template name="bibliodiv" text="%t"/>
      <l:template name="bibliography" text="%t"/>
      <l:template name="bibliomset" text="%t"/>
      <l:template name="biblioset" text="%t"/>
      <l:template name="blockquote" text="%t"/>
      <l:template name="book" text="%t"/>
      <l:template name="calloutlist" text="%t"/>
      <l:template name="caution" text="%t"/>
      <l:template name="chapter" text="%t"/>
      <l:template name="colophon" text="%t"/>
      <l:template name="constraintdef" text="%t"/>
      <l:template name="dedication" text="%t"/>
      <l:template name="equation" text="%t"/>
      <l:template name="example" text="%t"/>
      <l:template name="figure" text="%t"/>
      <l:template name="formalpara" text="%t"/>
      <l:template name="glossary" text="%t"/>
      <l:template name="glossdiv" text="%t"/>
      <l:template name="important" text="%t"/>
      <l:template name="index" text="%t"/>
      <l:template name="indexdiv" text="%t"/>
      <l:template name="itemizedlist" text="%t"/>
      <l:template name="legalnotice" text="%t"/>
      <l:template name="listitem" text="%n"/>
      <l:template name="lot" text="%t"/>
      <l:template name="msg" text="%t"/>
      <l:template name="msgexplan" text="%t"/>
      <l:template name="msgmain" text="%t"/>
      <l:template name="msgrel" text="%t"/>
      <l:template name="msgset" text="%t"/>
      <l:template name="msgsub" text="%t"/>
      <l:template name="note" text="%t"/>
      <l:template name="orderedlist" text="%t"/>
      <l:template name="part" text="%t"/>
      <l:template name="partintro" text="%t"/>
      <l:template name="preface" text="%t"/>
      <l:template name="procedure" text="%t"/>
      <l:template name="productionset" text="%t"/>
      <l:template name="qandadiv" text="%t"/>
      <l:template name="qandaentry" text="&#1587;:&#160;%n"/>
      <l:template name="qandaset" text="%t"/>
      <l:template name="question" text="&#1587;:&#160;%n"/>
      <l:template name="reference" text="%t"/>
      <l:template name="refsynopsisdiv" text="%t"/>
      <l:template name="segmentedlist" text="%t"/>
      <l:template name="set" text="%t"/>
      <l:template name="setindex" text="%t"/>
      <l:template name="sidebar" text="%t"/>
      <l:template name="table" text="%t"/>
      <l:template name="tip" text="%t"/>
      <l:template name="toc" text="%t"/>
      <l:template name="variablelist" text="%t"/>
      <l:template name="varlistentry" text="%n"/>
      <l:template name="warning" text="%t"/>
      <l:template name="page.citation" text=" [%p]"/>
      <l:template name="page" text="(page %p)" lang="en"/>
      <l:template name="pageabbrev" text="(p. %p)" lang="en"/>
      <l:template name="Page" text="Page %p" lang="en"/>
      <l:template name="bridgehead" text="&#1575;&#1604;&#1602;&#1587;&#1605; &#1575;&#1604;&#1605;&#1587;&#1605;&#1609; &#8220;%t&#8221;"/>
      <l:template name="refsection" text="&#1575;&#1604;&#1602;&#1587;&#1605; &#1575;&#1604;&#1605;&#1587;&#1605;&#1609; &#8220;%t&#8221;"/>
      <l:template name="refsect1" text="&#1575;&#1604;&#1602;&#1587;&#1605; &#1575;&#1604;&#1605;&#1587;&#1605;&#1609; &#8220;%t&#8221;"/>
      <l:template name="refsect2" text="&#1575;&#1604;&#1602;&#1587;&#1605; &#1575;&#1604;&#1605;&#1587;&#1605;&#1609; &#8220;%t&#8221;"/>
      <l:template name="refsect3" text="&#1575;&#1604;&#1602;&#1587;&#1605; &#1575;&#1604;&#1605;&#1587;&#1605;&#1609; &#8220;%t&#8221;"/>
      <l:template name="sect1" text="&#1575;&#1604;&#1602;&#1587;&#1605; &#1575;&#1604;&#1605;&#1587;&#1605;&#1609; &#8220;%t&#8221;"/>
      <l:template name="sect2" text="&#1575;&#1604;&#1602;&#1587;&#1605; &#1575;&#1604;&#1605;&#1587;&#1605;&#1609; &#8220;%t&#8221;"/>
      <l:template name="sect3" text="&#1575;&#1604;&#1602;&#1587;&#1605; &#1575;&#1604;&#1605;&#1587;&#1605;&#1609; &#8220;%t&#8221;"/>
      <l:template name="sect4" text="&#1575;&#1604;&#1602;&#1587;&#1605; &#1575;&#1604;&#1605;&#1587;&#1605;&#1609; &#8220;%t&#8221;"/>
      <l:template name="sect5" text="&#1575;&#1604;&#1602;&#1587;&#1605; &#1575;&#1604;&#1605;&#1587;&#1605;&#1609; &#8220;%t&#8221;"/>
      <l:template name="section" text="&#1575;&#1604;&#1602;&#1587;&#1605; &#1575;&#1604;&#1605;&#1587;&#1605;&#1609; &#8220;%t&#8221;"/>
      <l:template name="simplesect" text="&#1575;&#1604;&#1602;&#1587;&#1605; &#1575;&#1604;&#1605;&#1587;&#1605;&#1609; &#8220;%t&#8221;"/>
   </l:context>

   <l:context name="xref-number">
      <l:template name="answer" text="&#1580;:&#160;%n"/>
      <l:template name="appendix" text="&#1605;&#1604;&#1581;&#1602;&#160;%n"/>
      <l:template name="bridgehead" text="&#1602;&#1587;&#1605;&#160;%n"/>
      <l:template name="chapter" text="&#1601;&#1589;&#1604;&#160;%n"/>
      <l:template name="equation" text="&#1605;&#1593;&#1575;&#1583;&#1604;&#1577;&#160;%n"/>
      <l:template name="example" text="&#1605;&#1579;&#1575;&#1604;&#160;%n"/>
      <l:template name="figure" text="&#1588;&#1603;&#1604;&#160;%n"/>
      <l:template name="part" text="&#1580;&#1586;&#1569;&#160;%n"/>
      <l:template name="procedure" text="&#1573;&#1580;&#1585;&#1575;&#1569;&#160;%n"/>
      <l:template name="productionset" text="&#1605;&#1606;&#1578;&#1580;&#160;%n"/>
      <l:template name="qandadiv" text="Q &amp; A&#160;%n"/>
      <l:template name="qandaentry" text="&#1587;:&#160;%n"/>
      <l:template name="question" text="&#1587;:&#160;%n"/>
      <l:template name="sect1" text="&#1602;&#1587;&#1605;&#160;%n"/>
      <l:template name="sect2" text="&#1602;&#1587;&#1605;&#160;%n"/>
      <l:template name="sect3" text="&#1602;&#1587;&#1605;&#160;%n"/>
      <l:template name="sect4" text="&#1602;&#1587;&#1605;&#160;%n"/>
      <l:template name="sect5" text="&#1602;&#1587;&#1605;&#160;%n"/>
      <l:template name="section" text="&#1602;&#1587;&#1605;&#160;%n"/>
      <l:template name="table" text="&#1580;&#1583;&#1608;&#1604;&#160;%n"/>
   </l:context>

   <l:context name="xref-number-and-title">
      <l:template name="appendix" text="&#1605;&#1604;&#1581;&#1602;&#160;%n, %t&#1605;&#1604;&#1581;&#1602;&#160;%n, %t"/>
      <l:template name="bridgehead" text="&#1602;&#1587;&#1605;&#160;%n, &#8220;%t&#8221;&#1602;&#1587;&#1605;&#160;%n, &#8220;%t&#8221;"/>
      <l:template name="chapter" text="&#1601;&#1589;&#1604;&#160;%n, %t&#1601;&#1589;&#1604;&#160;%n, %t"/>
      <l:template name="equation" text="&#1605;&#1593;&#1575;&#1583;&#1604;&#1577;&#160;%n, &#8220;%t&#8221;"/>
      <l:template name="example" text="&#1605;&#1579;&#1575;&#1604;&#160;%n, &#8220;%t&#8221;"/>
      <l:template name="figure" text="&#1588;&#1603;&#1604;&#160;%n, &#8220;%t&#8221;"/>
      <l:template name="procedure" text="&#1573;&#1580;&#1585;&#1575;&#1569;&#160;%n, &#8220;%t&#8221;"/>
      <l:template name="productionset" text="&#1605;&#1606;&#1578;&#1580;&#160;%n, &#8220;%t&#8221;"/>
      <l:template name="qandadiv" text="Q &amp; A&#160;%n, &#8220;%t&#8221;"/>
      <l:template name="refsect1" text="&#1575;&#1604;&#1602;&#1587;&#1605; &#1575;&#1604;&#1605;&#1587;&#1605;&#1609; &#8220;%t&#8221;&#1575;&#1604;&#1602;&#1587;&#1605; &#1575;&#1604;&#1605;&#1587;&#1605;&#1609; &#8220;%t&#8221;"/>
      <l:template name="refsect2" text="&#1575;&#1604;&#1602;&#1587;&#1605; &#1575;&#1604;&#1605;&#1587;&#1605;&#1609; &#8220;%t&#8221;&#1575;&#1604;&#1602;&#1587;&#1605; &#1575;&#1604;&#1605;&#1587;&#1605;&#1609; &#8220;%t&#8221;"/>
      <l:template name="refsect3" text="&#1575;&#1604;&#1602;&#1587;&#1605; &#1575;&#1604;&#1605;&#1587;&#1605;&#1609; &#8220;%t&#8221;&#1575;&#1604;&#1602;&#1587;&#1605; &#1575;&#1604;&#1605;&#1587;&#1605;&#1609; &#8220;%t&#8221;"/>
      <l:template name="refsection" text="&#1575;&#1604;&#1602;&#1587;&#1605; &#1575;&#1604;&#1605;&#1587;&#1605;&#1609; &#8220;%t&#8221;&#1575;&#1604;&#1602;&#1587;&#1605; &#1575;&#1604;&#1605;&#1587;&#1605;&#1609; &#8220;%t&#8221;"/>
      <l:template name="sect1" text="&#1602;&#1587;&#1605;&#160;%n, &#8220;%t&#8221;&#1602;&#1587;&#1605;&#160;%n, &#8220;%t&#8221;"/>
      <l:template name="sect2" text="&#1602;&#1587;&#1605;&#160;%n, &#8220;%t&#8221;&#1602;&#1587;&#1605;&#160;%n, &#8220;%t&#8221;"/>
      <l:template name="sect3" text="&#1602;&#1587;&#1605;&#160;%n, &#8220;%t&#8221;&#1602;&#1587;&#1605;&#160;%n, &#8220;%t&#8221;"/>
      <l:template name="sect4" text="&#1602;&#1587;&#1605;&#160;%n, &#8220;%t&#8221;&#1602;&#1587;&#1605;&#160;%n, &#8220;%t&#8221;"/>
      <l:template name="sect5" text="&#1602;&#1587;&#1605;&#160;%n, &#8220;%t&#8221;&#1602;&#1587;&#1605;&#160;%n, &#8220;%t&#8221;"/>
      <l:template name="section" text="&#1602;&#1587;&#1605;&#160;%n, &#8220;%t&#8221;&#1602;&#1587;&#1605;&#160;%n, &#8220;%t&#8221;"/>
      <l:template name="simplesect" text="&#1575;&#1604;&#1602;&#1587;&#1605; &#1575;&#1604;&#1605;&#1587;&#1605;&#1609; &#8220;%t&#8221;&#1575;&#1604;&#1602;&#1587;&#1605; &#1575;&#1604;&#1605;&#1587;&#1605;&#1609; &#8220;%t&#8221;"/>
      <l:template name="table" text="&#1580;&#1583;&#1608;&#1604;&#160;%n, &#8220;%t&#8221;"/>
   </l:context>

   <l:context name="authorgroup">
      <l:template name="sep" text="&#1548; "/>
      <l:template name="sep2" text=" &#1608; "/>
      <l:template name="seplast" text="&#1548; &#1608; "/>
   </l:context>

   <l:context name="glossary">
      <l:template name="see" text="&#1575;&#1606;&#1592;&#1585; "/>
      <l:template name="seealso" text="&#1575;&#1606;&#1592;&#1585; &#1571;&#1610;&#1590;&#1575;&#1611; "/>
   </l:context>

   <l:context name="msgset">
      <l:template name="MsgAud" text="&#1575;&#1604;&#1580;&#1605;&#1607;&#1608;&#1585;: "/>
      <l:template name="MsgLevel" text="&#1575;&#1604;&#1605;&#1587;&#1578;&#1608;&#1609;: "/>
      <l:template name="MsgOrig" text="&#1575;&#1604;&#1605;&#1589;&#1583;&#1585;: "/>
   </l:context>

   <l:context name="datetime">
      <l:template name="format" text="d/m/Y"/>
   </l:context>

   <l:context name="datetime-full">
      <l:template name="January" text="&#1610;&#1606;&#1575;&#1610;&#1585;"/>
      <l:template name="February" text="&#1601;&#1576;&#1585;&#1575;&#1610;&#1585;"/>
      <l:template name="March" text="&#1605;&#1575;&#1585;&#1587;"/>
      <l:template name="April" text="&#1571;&#1576;&#1585;&#1610;&#1604;"/>
      <l:template name="May" text="&#1605;&#1575;&#1610;&#1608;"/>
      <l:template name="June" text="&#1610;&#1608;&#1606;&#1610;&#1608;"/>
      <l:template name="July" text="&#1610;&#1608;&#1604;&#1610;&#1608;"/>
      <l:template name="August" text="&#1571;&#1594;&#1587;&#1591;&#1587;"/>
      <l:template name="September" text="&#1587;&#1576;&#1578;&#1605;&#1576;&#1585;"/>
      <l:template name="October" text="&#1571;&#1603;&#1578;&#1608;&#1576;&#1585;"/>
      <l:template name="November" text="&#1606;&#1608;&#1601;&#1605;&#1576;&#1585;"/>
      <l:template name="December" text="&#1583;&#1610;&#1587;&#1605;&#1576;&#1585;"/>
      <l:template name="Monday" text="&#1575;&#1604;&#1573;&#1579;&#1606;&#1610;&#1606;"/>
      <l:template name="Tuesday" text="&#1575;&#1604;&#1579;&#1604;&#1575;&#1579;&#1575;&#1569;"/>
      <l:template name="Wednesday" text="&#1575;&#1604;&#1571;&#1585;&#1576;&#1593;&#1575;&#1569;"/>
      <l:template name="Thursday" text="&#1575;&#1604;&#1582;&#1605;&#1610;&#1587;"/>
      <l:template name="Friday" text="&#1575;&#1604;&#1580;&#1605;&#1593;&#1577;"/>
      <l:template name="Saturday" text="&#1575;&#1604;&#1587;&#1576;&#1578;"/>
      <l:template name="Sunday" text="&#1575;&#1604;&#1571;&#1581;&#1583;"/>
   </l:context>

   <l:context name="datetime-abbrev">
      <l:template name="Jan" text="&#1610;&#1606;&#1575;&#1610;&#1585;"/>
      <l:template name="Feb" text="&#1601;&#1576;&#1585;&#1575;&#1610;&#1585;"/>
      <l:template name="Mar" text="&#1605;&#1575;&#1585;&#1587;"/>
      <l:template name="Apr" text="&#1571;&#1576;&#1585;&#1610;&#1604;"/>
      <l:template name="May" text="&#1605;&#1575;&#1610;&#1608;"/>
      <l:template name="Jun" text="&#1610;&#1608;&#1606;&#1610;&#1608;"/>
      <l:template name="Jul" text="&#1610;&#1608;&#1604;&#1610;&#1608;"/>
      <l:template name="Aug" text="&#1571;&#1594;&#1587;&#1591;&#1587;"/>
      <l:template name="Sep" text="&#1587;&#1576;&#1578;&#1605;&#1576;&#1585;"/>
      <l:template name="Oct" text="&#1571;&#1603;&#1578;&#1608;&#1576;&#1585;"/>
      <l:template name="Nov" text="&#1606;&#1608;&#1601;&#1605;&#1576;&#1585;"/>
      <l:template name="Dec" text="&#1583;&#1610;&#1587;&#1605;&#1576;&#1585;"/>
      <l:template name="Mon" text="&#1575;&#1604;&#1573;&#1579;&#1606;&#1610;&#1606;"/>
      <l:template name="Tue" text="&#1575;&#1604;&#1579;&#1604;&#1575;&#1579;&#1575;&#1569;"/>
      <l:template name="Wed" text="&#1575;&#1604;&#1571;&#1585;&#1576;&#1593;&#1575;&#1569;"/>
      <l:template name="Thu" text="&#1575;&#1604;&#1582;&#1605;&#1610;&#1587;"/>
      <l:template name="Fri" text="&#1575;&#1604;&#1580;&#1605;&#1593;&#1577;"/>
      <l:template name="Sat" text="&#1575;&#1604;&#1587;&#1576;&#1578;"/>
      <l:template name="Sun" text="&#1575;&#1604;&#1571;&#1581;&#1583;"/>
   </l:context>

   <l:context name="htmlhelp">
      <l:template name="langcode" text="0x0409 English (UNITED STATES)" lang="en"/>
   </l:context>
</l:l10n>
